Pizza Capanna,-33.796235,151.287586
Domino's Pizza Elizabeth Street,-33.880831,151.208906
Domino's Pizza Glebe,-33.881184,151.18849
Doughboy Pizza North Bondi,-33.889567,151.282968
Arthur's Pizza,-33.919899,151.242728
Doughboy Pizza,-33.892603,151.18674
Crust Gourmet Pizza Bar,-33.8131,151.1699
La Pizza,-33.829352,151.201776
Pizza Mario,-33.882273,151.216305
Crust Gourmet Pizza Bar,-33.890011,151.213209
Mario Brothers Pizza & Pasta,-33.827372,151.200236
Arthur's Pizza,-33.885024,151.227334
Mad Pizza e Bar,-33.876788,151.221867
Crust Gourmet Pizza Bar,-33.870931,151.194761
Mad Pizza e Bar,-33.879681,151.215009
Pizza Hut,-33.876002,151.206449
Pizza Picasso,-33.902714,151.179245
Bondi Pizza,-33.891068,151.251576
Pizza E Birra,-33.887106,151.213784
Appetito,-33.860299,151.20848
Pizza Capanna,-33.796235,151.287586
Domino's Pizza Elizabeth Street,-33.880831,151.208906
Domino's Pizza Glebe,-33.881184,151.18849
Doughboy Pizza North Bondi,-33.889567,151.282968
Arthur's Pizza,-33.919899,151.242728
Doughboy Pizza,-33.892603,151.18674
Crust Gourmet Pizza Bar,-33.8131,151.1699
La Pizza,-33.829352,151.201776
Pizza Mario,-33.882273,151.216305
Crust Gourmet Pizza Bar,-33.890011,151.213209
Mario Brothers Pizza & Pasta,-33.827372,151.200236
Arthur's Pizza,-33.885024,151.227334
Mad Pizza e Bar,-33.876788,151.221867
Crust Gourmet Pizza Bar,-33.870931,151.194761
Mad Pizza e Bar,-33.879681,151.215009
Pizza Hut,-33.876002,151.206449
Pizza Picasso,-33.902714,151.179245
Bondi Pizza,-33.891068,151.251576
Pizza E Birra,-33.887106,151.213784
Appetito,-33.860299,151.20848
Pizza Capanna,-33.796235,151.287586
Domino's Pizza Elizabeth Street,-33.880831,151.208906
Domino's Pizza Glebe,-33.881184,151.18849
Doughboy Pizza North Bondi,-33.889567,151.282968
Arthur's Pizza,-33.919899,151.242728
Doughboy Pizza,-33.892603,151.18674
Crust Gourmet Pizza Bar,-33.8131,151.1699
La Pizza,-33.829352,151.201776
Pizza Mario,-33.882273,151.216305
Crust Gourmet Pizza Bar,-33.890011,151.213209
Mario Brothers Pizza & Pasta,-33.827372,151.200236
Arthur's Pizza,-33.885024,151.227334
Mad Pizza e Bar,-33.876788,151.221867
Crust Gourmet Pizza Bar,-33.870931,151.194761
Mad Pizza e Bar,-33.879681,151.215009
Pizza Hut,-33.876002,151.206449
Pizza Picasso,-33.902714,151.179245
Bondi Pizza,-33.891068,151.251576
Pizza E Birra,-33.887106,151.213784
Appetito,-33.860299,151.20848
Pizza Capanna,-33.796235,151.287586
Domino's Pizza Elizabeth Street,-33.880831,151.208906
Domino's Pizza Glebe,-33.881184,151.18849
Doughboy Pizza North Bondi,-33.889567,151.282968
Arthur's Pizza,-33.919899,151.242728
Doughboy Pizza,-33.892603,151.18674
Crust Gourmet Pizza Bar,-33.8131,151.1699
La Pizza,-33.829352,151.201776
Pizza Mario,-33.882273,151.216305
Crust Gourmet Pizza Bar,-33.890011,151.213209
Mario Brothers Pizza & Pasta,-33.827372,151.200236
Arthur's Pizza,-33.885024,151.227334
Mad Pizza e Bar,-33.876788,151.221867
Crust Gourmet Pizza Bar,-33.870931,151.194761
Mad Pizza e Bar,-33.879681,151.215009
Pizza Hut,-33.876002,151.206449
Pizza Picasso,-33.902714,151.179245
Bondi Pizza,-33.891068,151.251576
Pizza E Birra,-33.887106,151.213784
Appetito,-33.860299,151.20848
Pizza Capanna,-33.796235,151.287586
Domino's Pizza Elizabeth Street,-33.880831,151.208906
Domino's Pizza Glebe,-33.881184,151.18849
Doughboy Pizza North Bondi,-33.889567,151.282968
Arthur's Pizza,-33.919899,151.242728
Doughboy Pizza,-33.892603,151.18674
Crust Gourmet Pizza Bar,-33.8131,151.1699
La Pizza,-33.829352,151.201776
Pizza Mario,-33.882273,151.216305
Crust Gourmet Pizza Bar,-33.890011,151.213209
Mario Brothers Pizza & Pasta,-33.827372,151.200236
Arthur's Pizza,-33.885024,151.227334
Mad Pizza e Bar,-33.876788,151.221867
Crust Gourmet Pizza Bar,-33.870931,151.194761
Mad Pizza e Bar,-33.879681,151.215009
Pizza Hut,-33.876002,151.206449
Pizza Picasso,-33.902714,151.179245
Bondi Pizza,-33.891068,151.251576
Pizza E Birra,-33.887106,151.213784
Appetito,-33.860299,151.20848
Pizza Capanna,-33.796235,151.287586
Domino's Pizza Elizabeth Street,-33.880831,151.208906
Domino's Pizza Glebe,-33.881184,151.18849
Doughboy Pizza North Bondi,-33.889567,151.282968
Arthur's Pizza,-33.919899,151.242728
Doughboy Pizza,-33.892603,151.18674
Crust Gourmet Pizza Bar,-33.8131,151.1699
La Pizza,-33.829352,151.201776
Pizza Mario,-33.882273,151.216305
Crust Gourmet Pizza Bar,-33.890011,151.213209
Mario Brothers Pizza & Pasta,-33.827372,151.200236
Arthur's Pizza,-33.885024,151.227334
Mad Pizza e Bar,-33.876788,151.221867
Crust Gourmet Pizza Bar,-33.870931,151.194761
Mad Pizza e Bar,-33.879681,151.215009
Pizza Hut,-33.876002,151.206449
Pizza Picasso,-33.902714,151.179245
Bondi Pizza,-33.891068,151.251576
Pizza E Birra,-33.887106,151.213784
Appetito,-33.860299,151.20848
Pizza Capanna,-33.796235,151.287586
Domino's Pizza Elizabeth Street,-33.880831,151.208906
Domino's Pizza Glebe,-33.881184,151.18849
Doughboy Pizza North Bondi,-33.889567,151.282968
Arthur's Pizza,-33.919899,151.242728
Doughboy Pizza,-33.892603,151.18674
Crust Gourmet Pizza Bar,-33.8131,151.1699
La Pizza,-33.829352,151.201776
Pizza Mario,-33.882273,151.216305
Crust Gourmet Pizza Bar,-33.890011,151.213209
Mario Brothers Pizza & Pasta,-33.827372,151.200236
Arthur's Pizza,-33.885024,151.227334
Mad Pizza e Bar,-33.876788,151.221867
Crust Gourmet Pizza Bar,-33.870931,151.194761
Mad Pizza e Bar,-33.879681,151.215009
Pizza Hut,-33.876002,151.206449
Pizza Picasso,-33.902714,151.179245
Bondi Pizza,-33.891068,151.251576
Pizza E Birra,-33.887106,151.213784
Appetito,-33.860299,151.20848
Pizza Capanna,-33.796235,151.287586
Domino's Pizza Elizabeth Street,-33.880831,151.208906
Domino's Pizza Glebe,-33.881184,151.18849
Doughboy Pizza North Bondi,-33.889567,151.282968
Arthur's Pizza,-33.919899,151.242728
Doughboy Pizza,-33.892603,151.18674
Crust Gourmet Pizza Bar,-33.8131,151.1699
La Pizza,-33.829352,151.201776
Pizza Mario,-33.882273,151.216305
Crust Gourmet Pizza Bar,-33.890011,151.213209
Mario Brothers Pizza & Pasta,-33.827372,151.200236
Arthur's Pizza,-33.885024,151.227334
Mad Pizza e Bar,-33.876788,151.221867
Crust Gourmet Pizza Bar,-33.870931,151.194761
Mad Pizza e Bar,-33.879681,151.215009
Pizza Hut,-33.876002,151.206449
Pizza Picasso,-33.902714,151.179245
Bondi Pizza,-33.891068,151.251576
Pizza E Birra,-33.887106,151.213784
Appetito,-33.860299,151.20848
Pizza Capanna,-33.796235,151.287586
Domino's Pizza Elizabeth Street,-33.880831,151.208906
Domino's Pizza Glebe,-33.881184,151.18849
Doughboy Pizza North Bondi,-33.889567,151.282968
Arthur's Pizza,-33.919899,151.242728
Doughboy Pizza,-33.892603,151.18674
Crust Gourmet Pizza Bar,-33.8131,151.1699
La Pizza,-33.829352,151.201776
Pizza Mario,-33.882273,151.216305
Crust Gourmet Pizza Bar,-33.890011,151.213209
Mario Brothers Pizza & Pasta,-33.827372,151.200236
Arthur's Pizza,-33.885024,151.227334
Mad Pizza e Bar,-33.876788,151.221867
Crust Gourmet Pizza Bar,-33.870931,151.194761
Mad Pizza e Bar,-33.879681,151.215009
Pizza Hut,-33.876002,151.206449
Pizza Picasso,-33.902714,151.179245
Bondi Pizza,-33.891068,151.251576
Pizza E Birra,-33.887106,151.213784
Appetito,-33.860299,151.20848
Pizza Capanna,-33.796235,151.287586
Domino's Pizza Elizabeth Street,-33.880831,151.208906
Domino's Pizza Glebe,-33.881184,151.18849
Doughboy Pizza North Bondi,-33.889567,151.282968
Arthur's Pizza,-33.919899,151.242728
Doughboy Pizza,-33.892603,151.18674
Crust Gourmet Pizza Bar,-33.8131,151.1699
La Pizza,-33.829352,151.201776
Pizza Mario,-33.882273,151.216305
Crust Gourmet Pizza Bar,-33.890011,151.213209
Mario Brothers Pizza & Pasta,-33.827372,151.200236
Arthur's Pizza,-33.885024,151.227334
Mad Pizza e Bar,-33.876788,151.221867
Crust Gourmet Pizza Bar,-33.870931,151.194761
Mad Pizza e Bar,-33.879681,151.215009
Pizza Hut,-33.876002,151.206449
Pizza Picasso,-33.902714,151.179245
Bondi Pizza,-33.891068,151.251576
Pizza E Birra,-33.887106,151.213784
Appetito,-33.860299,151.20848
Pizza Capanna,-33.796235,151.287586
Domino's Pizza Elizabeth Street,-33.880831,151.208906
Domino's Pizza Glebe,-33.881184,151.18849
Doughboy Pizza North Bondi,-33.889567,151.282968
Arthur's Pizza,-33.919899,151.242728
Doughboy Pizza,-33.892603,151.18674
Crust Gourmet Pizza Bar,-33.8131,151.1699
La Pizza,-33.829352,151.201776
Pizza Mario,-33.882273,151.216305
Crust Gourmet Pizza Bar,-33.890011,151.213209
Mario Brothers Pizza & Pasta,-33.827372,151.200236
Arthur's Pizza,-33.885024,151.227334
Mad Pizza e Bar,-33.876788,151.221867
Crust Gourmet Pizza Bar,-33.870931,151.194761
Mad Pizza e Bar,-33.879681,151.215009
Pizza Hut,-33.876002,151.206449
Pizza Picasso,-33.902714,151.179245
Bondi Pizza,-33.891068,151.251576
Pizza E Birra,-33.887106,151.213784
Appetito,-33.860299,151.20848
Pizza Capanna,-33.796235,151.287586
Domino's Pizza Elizabeth Street,-33.880831,151.208906
Domino's Pizza Glebe,-33.881184,151.18849
Doughboy Pizza North Bondi,-33.889567,151.282968
Arthur's Pizza,-33.919899,151.242728
Doughboy Pizza,-33.892603,151.18674
Crust Gourmet Pizza Bar,-33.8131,151.1699
La Pizza,-33.829352,151.201776
Pizza Mario,-33.882273,151.216305
Crust Gourmet Pizza Bar,-33.890011,151.213209
Mario Brothers Pizza & Pasta,-33.827372,151.200236
Arthur's Pizza,-33.885024,151.227334
Mad Pizza e Bar,-33.876788,151.221867
Crust Gourmet Pizza Bar,-33.870931,151.194761
Mad Pizza e Bar,-33.879681,151.215009
Pizza Hut,-33.876002,151.206449
Pizza Picasso,-33.902714,151.179245
Bondi Pizza,-33.891068,151.251576
Pizza E Birra,-33.887106,151.213784
Appetito,-33.860299,151.20848
Pizza Capanna,-33.796235,151.287586
Domino's Pizza Elizabeth Street,-33.880831,151.208906
Domino's Pizza Glebe,-33.881184,151.18849
Doughboy Pizza North Bondi,-33.889567,151.282968
Arthur's Pizza,-33.919899,151.242728
Doughboy Pizza,-33.892603,151.18674
Crust Gourmet Pizza Bar,-33.8131,151.1699
La Pizza,-33.829352,151.201776
Pizza Mario,-33.882273,151.216305
Crust Gourmet Pizza Bar,-33.890011,151.213209
Mario Brothers Pizza & Pasta,-33.827372,151.200236
Arthur's Pizza,-33.885024,151.227334
Mad Pizza e Bar,-33.876788,151.221867
Crust Gourmet Pizza Bar,-33.870931,151.194761
Mad Pizza e Bar,-33.879681,151.215009
Pizza Hut,-33.876002,151.206449
Pizza Picasso,-33.902714,151.179245
Bondi Pizza,-33.891068,151.251576
Pizza E Birra,-33.887106,151.213784
Appetito,-33.860299,151.20848
Pizza Capanna,-33.796235,151.287586
Domino's Pizza Elizabeth Street,-33.880831,151.208906
Domino's Pizza Glebe,-33.881184,151.18849
Doughboy Pizza North Bondi,-33.889567,151.282968
Arthur's Pizza,-33.919899,151.242728
Doughboy Pizza,-33.892603,151.18674
Crust Gourmet Pizza Bar,-33.8131,151.1699
La Pizza,-33.829352,151.201776
Pizza Mario,-33.882273,151.216305
Crust Gourmet Pizza Bar,-33.890011,151.213209
Mario Brothers Pizza & Pasta,-33.827372,151.200236
Arthur's Pizza,-33.885024,151.227334
Mad Pizza e Bar,-33.876788,151.221867
Crust Gourmet Pizza Bar,-33.870931,151.194761
Mad Pizza e Bar,-33.879681,151.215009
Pizza Hut,-33.876002,151.206449
Pizza Picasso,-33.902714,151.179245
Bondi Pizza,-33.891068,151.251576
Pizza E Birra,-33.887106,151.213784
Appetito,-33.860299,151.20848
Pizza Capanna,-33.796235,151.287586
Domino's Pizza Elizabeth Street,-33.880831,151.208906
Domino's Pizza Glebe,-33.881184,151.18849
Doughboy Pizza North Bondi,-33.889567,151.282968
Arthur's Pizza,-33.919899,151.242728
Doughboy Pizza,-33.892603,151.18674
Crust Gourmet Pizza Bar,-33.8131,151.1699
La Pizza,-33.829352,151.201776
Pizza Mario,-33.882273,151.216305
Crust Gourmet Pizza Bar,-33.890011,151.213209
Mario Brothers Pizza & Pasta,-33.827372,151.200236
Arthur's Pizza,-33.885024,151.227334
Mad Pizza e Bar,-33.876788,151.221867
Crust Gourmet Pizza Bar,-33.870931,151.194761
Mad Pizza e Bar,-33.879681,151.215009
Pizza Hut,-33.876002,151.206449
Pizza Picasso,-33.902714,151.179245
Bondi Pizza,-33.891068,151.251576
Pizza E Birra,-33.887106,151.213784
Appetito,-33.860299,151.20848
Pizza Capanna,-33.796235,151.287586
Domino's Pizza Elizabeth Street,-33.880831,151.208906
Domino's Pizza Glebe,-33.881184,151.18849
Doughboy Pizza North Bondi,-33.889567,151.282968
Arthur's Pizza,-33.919899,151.242728
Doughboy Pizza,-33.892603,151.18674
Crust Gourmet Pizza Bar,-33.8131,151.1699
La Pizza,-33.829352,151.201776
Pizza Mario,-33.882273,151.216305
Crust Gourmet Pizza Bar,-33.890011,151.213209
Mario Brothers Pizza & Pasta,-33.827372,151.200236
Arthur's Pizza,-33.885024,151.227334
Mad Pizza e Bar,-33.876788,151.221867
Crust Gourmet Pizza Bar,-33.870931,151.194761
Mad Pizza e Bar,-33.879681,151.215009
Pizza Hut,-33.876002,151.206449
Pizza Picasso,-33.902714,151.179245
Bondi Pizza,-33.891068,151.251576
Pizza E Birra,-33.887106,151.213784
Appetito,-33.860299,151.20848
Pizza Capanna,-33.796235,151.287586
Domino's Pizza Elizabeth Street,-33.880831,151.208906
Domino's Pizza Glebe,-33.881184,151.18849
Doughboy Pizza North Bondi,-33.889567,151.282968
Arthur's Pizza,-33.919899,151.242728
Doughboy Pizza,-33.892603,151.18674
Crust Gourmet Pizza Bar,-33.8131,151.1699
La Pizza,-33.829352,151.201776
Pizza Mario,-33.882273,151.216305
Crust Gourmet Pizza Bar,-33.890011,151.213209
Mario Brothers Pizza & Pasta,-33.827372,151.200236
Arthur's Pizza,-33.885024,151.227334
Mad Pizza e Bar,-33.876788,151.221867
Crust Gourmet Pizza Bar,-33.870931,151.194761
Mad Pizza e Bar,-33.879681,151.215009
Pizza Hut,-33.876002,151.206449
Pizza Picasso,-33.902714,151.179245
Bondi Pizza,-33.891068,151.251576
Pizza E Birra,-33.887106,151.213784
Appetito,-33.860299,151.20848
Pizza Capanna,-33.796235,151.287586
Domino's Pizza Elizabeth Street,-33.880831,151.208906
Domino's Pizza Glebe,-33.881184,151.18849
Doughboy Pizza North Bondi,-33.889567,151.282968
Arthur's Pizza,-33.919899,151.242728
Doughboy Pizza,-33.892603,151.18674
Crust Gourmet Pizza Bar,-33.8131,151.1699
La Pizza,-33.829352,151.201776
Pizza Mario,-33.882273,151.216305
Crust Gourmet Pizza Bar,-33.890011,151.213209
Mario Brothers Pizza & Pasta,-33.827372,151.200236
Arthur's Pizza,-33.885024,151.227334
Mad Pizza e Bar,-33.876788,151.221867
Crust Gourmet Pizza Bar,-33.870931,151.194761
Mad Pizza e Bar,-33.879681,151.215009
Pizza Hut,-33.876002,151.206449
Pizza Picasso,-33.902714,151.179245
Bondi Pizza,-33.891068,151.251576
Pizza E Birra,-33.887106,151.213784
Appetito,-33.860299,151.20848
Pizza Capanna,-33.796235,151.287586
Domino's Pizza Elizabeth Street,-33.880831,151.208906
Domino's Pizza Glebe,-33.881184,151.18849
Doughboy Pizza North Bondi,-33.889567,151.282968
Arthur's Pizza,-33.919899,151.242728
Doughboy Pizza,-33.892603,151.18674
Crust Gourmet Pizza Bar,-33.8131,151.1699
La Pizza,-33.829352,151.201776
Pizza Mario,-33.882273,151.216305
Crust Gourmet Pizza Bar,-33.890011,151.213209
Mario Brothers Pizza & Pasta,-33.827372,151.200236
Arthur's Pizza,-33.885024,151.227334
Mad Pizza e Bar,-33.876788,151.221867
Crust Gourmet Pizza Bar,-33.870931,151.194761
Mad Pizza e Bar,-33.879681,151.215009
Pizza Hut,-33.876002,151.206449
Pizza Picasso,-33.902714,151.179245
Bondi Pizza,-33.891068,151.251576
Pizza E Birra,-33.887106,151.213784
Appetito,-33.860299,151.20848
Pizza Capanna,-33.796235,151.287586
Domino's Pizza Elizabeth Street,-33.880831,151.208906
Domino's Pizza Glebe,-33.881184,151.18849
Doughboy Pizza North Bondi,-33.889567,151.282968
Arthur's Pizza,-33.919899,151.242728
Doughboy Pizza,-33.892603,151.18674
Crust Gourmet Pizza Bar,-33.8131,151.1699
La Pizza,-33.829352,151.201776
Pizza Mario,-33.882273,151.216305
Crust Gourmet Pizza Bar,-33.890011,151.213209
Mario Brothers Pizza & Pasta,-33.827372,151.200236
Arthur's Pizza,-33.885024,151.227334
Mad Pizza e Bar,-33.876788,151.221867
Crust Gourmet Pizza Bar,-33.870931,151.194761
Mad Pizza e Bar,-33.879681,151.215009
Pizza Hut,-33.876002,151.206449
Pizza Picasso,-33.902714,151.179245
Bondi Pizza,-33.891068,151.251576
Pizza E Birra,-33.887106,151.213784
Appetito,-33.860299,151.20848
Pizza Capanna,-33.796235,151.287586
Domino's Pizza Elizabeth Street,-33.880831,151.208906
Domino's Pizza Glebe,-33.881184,151.18849
Doughboy Pizza North Bondi,-33.889567,151.282968
Arthur's Pizza,-33.919899,151.242728
Doughboy Pizza,-33.892603,151.18674
Crust Gourmet Pizza Bar,-33.8131,151.1699
La Pizza,-33.829352,151.201776
Pizza Mario,-33.882273,151.216305
Crust Gourmet Pizza Bar,-33.890011,151.213209
Mario Brothers Pizza & Pasta,-33.827372,151.200236
Arthur's Pizza,-33.885024,151.227334
Mad Pizza e Bar,-33.876788,151.221867
Crust Gourmet Pizza Bar,-33.870931,151.194761
Mad Pizza e Bar,-33.879681,151.215009
Pizza Hut,-33.876002,151.206449
Pizza Picasso,-33.902714,151.179245
Bondi Pizza,-33.891068,151.251576
Pizza E Birra,-33.887106,151.213784
Appetito,-33.860299,151.20848
Pizza Capanna,-33.796235,151.287586
Domino's Pizza Elizabeth Street,-33.880831,151.208906
Domino's Pizza Glebe,-33.881184,151.18849
Doughboy Pizza North Bondi,-33.889567,151.282968
Arthur's Pizza,-33.919899,151.242728
Doughboy Pizza,-33.892603,151.18674
Crust Gourmet Pizza Bar,-33.8131,151.1699
La Pizza,-33.829352,151.201776
Pizza Mario,-33.882273,151.216305
Crust Gourmet Pizza Bar,-33.890011,151.213209
Mario Brothers Pizza & Pasta,-33.827372,151.200236
Arthur's Pizza,-33.885024,151.227334
Mad Pizza e Bar,-33.876788,151.221867
Crust Gourmet Pizza Bar,-33.870931,151.194761
Mad Pizza e Bar,-33.879681,151.215009
Pizza Hut,-33.876002,151.206449
Pizza Picasso,-33.902714,151.179245
Bondi Pizza,-33.891068,151.251576
Pizza E Birra,-33.887106,151.213784
Appetito,-33.860299,151.20848
Pizza Capanna,-33.796235,151.287586
Domino's Pizza Elizabeth Street,-33.880831,151.208906
Domino's Pizza Glebe,-33.881184,151.18849
Doughboy Pizza North Bondi,-33.889567,151.282968
Arthur's Pizza,-33.919899,151.242728
Doughboy Pizza,-33.892603,151.18674
Crust Gourmet Pizza Bar,-33.8131,151.1699
La Pizza,-33.829352,151.201776
Pizza Mario,-33.882273,151.216305
Crust Gourmet Pizza Bar,-33.890011,151.213209
Mario Brothers Pizza & Pasta,-33.827372,151.200236
Arthur's Pizza,-33.885024,151.227334
Mad Pizza e Bar,-33.876788,151.221867
Crust Gourmet Pizza Bar,-33.870931,151.194761
Mad Pizza e Bar,-33.879681,151.215009
Pizza Hut,-33.876002,151.206449
Pizza Picasso,-33.902714,151.179245
Bondi Pizza,-33.891068,151.251576
Pizza E Birra,-33.887106,151.213784
Appetito,-33.860299,151.20848
Pizza Capanna,-33.796235,151.287586
Domino's Pizza Elizabeth Street,-33.880831,151.208906
Domino's Pizza Glebe,-33.881184,151.18849
Doughboy Pizza North Bondi,-33.889567,151.282968
Arthur's Pizza,-33.919899,151.242728
Doughboy Pizza,-33.892603,151.18674
Crust Gourmet Pizza Bar,-33.8131,151.1699
La Pizza,-33.829352,151.201776
Pizza Mario,-33.882273,151.216305
Crust Gourmet Pizza Bar,-33.890011,151.213209
Mario Brothers Pizza & Pasta,-33.827372,151.200236
Arthur's Pizza,-33.885024,151.227334
Mad Pizza e Bar,-33.876788,151.221867
Crust Gourmet Pizza Bar,-33.870931,151.194761
Mad Pizza e Bar,-33.879681,151.215009
Pizza Hut,-33.876002,151.206449
Pizza Picasso,-33.902714,151.179245
Bondi Pizza,-33.891068,151.251576
Pizza E Birra,-33.887106,151.213784
Appetito,-33.860299,151.20848
Pizza Capanna,-33.796235,151.287586
Domino's Pizza Elizabeth Street,-33.880831,151.208906
Domino's Pizza Glebe,-33.881184,151.18849
Doughboy Pizza North Bondi,-33.889567,151.282968
Arthur's Pizza,-33.919899,151.242728
Doughboy Pizza,-33.892603,151.18674
Crust Gourmet Pizza Bar,-33.8131,151.1699
La Pizza,-33.829352,151.201776
Pizza Mario,-33.882273,151.216305
Crust Gourmet Pizza Bar,-33.890011,151.213209
Mario Brothers Pizza & Pasta,-33.827372,151.200236
Arthur's Pizza,-33.885024,151.227334
Mad Pizza e Bar,-33.876788,151.221867
Crust Gourmet Pizza Bar,-33.870931,151.194761
Mad Pizza e Bar,-33.879681,151.215009
Pizza Hut,-33.876002,151.206449
Pizza Picasso,-33.902714,151.179245
Bondi Pizza,-33.891068,151.251576
Pizza E Birra,-33.887106,151.213784
Appetito,-33.860299,151.20848
Pizza Capanna,-33.796235,151.287586
Domino's Pizza Elizabeth Street,-33.880831,151.208906
Domino's Pizza Glebe,-33.881184,151.18849
Doughboy Pizza North Bondi,-33.889567,151.282968
Arthur's Pizza,-33.919899,151.242728
Doughboy Pizza,-33.892603,151.18674
Crust Gourmet Pizza Bar,-33.8131,151.1699
La Pizza,-33.829352,151.201776
Pizza Mario,-33.882273,151.216305
Crust Gourmet Pizza Bar,-33.890011,151.213209
Mario Brothers Pizza & Pasta,-33.827372,151.200236
Arthur's Pizza,-33.885024,151.227334
Mad Pizza e Bar,-33.876788,151.221867
Crust Gourmet Pizza Bar,-33.870931,151.194761
Mad Pizza e Bar,-33.879681,151.215009
Pizza Hut,-33.876002,151.206449
Pizza Picasso,-33.902714,151.179245
Bondi Pizza,-33.891068,151.251576
Pizza E Birra,-33.887106,151.213784
Appetito,-33.860299,151.20848
Pizza Capanna,-33.796235,151.287586
Domino's Pizza Elizabeth Street,-33.880831,151.208906
Domino's Pizza Glebe,-33.881184,151.18849
Doughboy Pizza North Bondi,-33.889567,151.282968
Arthur's Pizza,-33.919899,151.242728
Doughboy Pizza,-33.892603,151.18674
Crust Gourmet Pizza Bar,-33.8131,151.1699
La Pizza,-33.829352,151.201776
Pizza Mario,-33.882273,151.216305
Crust Gourmet Pizza Bar,-33.890011,151.213209
Mario Brothers Pizza & Pasta,-33.827372,151.200236
Arthur's Pizza,-33.885024,151.227334
Mad Pizza e Bar,-33.876788,151.221867
Crust Gourmet Pizza Bar,-33.870931,151.194761
Mad Pizza e Bar,-33.879681,151.215009
Pizza Hut,-33.876002,151.206449
Pizza Picasso,-33.902714,151.179245
Bondi Pizza,-33.891068,151.251576
Pizza E Birra,-33.887106,151.213784
Appetito,-33.860299,151.20848
Pizza Capanna,-33.796235,151.287586
Domino's Pizza Elizabeth Street,-33.880831,151.208906
Domino's Pizza Glebe,-33.881184,151.18849
Doughboy Pizza North Bondi,-33.889567,151.282968
Arthur's Pizza,-33.919899,151.242728
Doughboy Pizza,-33.892603,151.18674
Crust Gourmet Pizza Bar,-33.8131,151.1699
La Pizza,-33.829352,151.201776
Pizza Mario,-33.882273,151.216305
Crust Gourmet Pizza Bar,-33.890011,151.213209
Mario Brothers Pizza & Pasta,-33.827372,151.200236
Arthur's Pizza,-33.885024,151.227334
Mad Pizza e Bar,-33.876788,151.221867
Crust Gourmet Pizza Bar,-33.870931,151.194761
Mad Pizza e Bar,-33.879681,151.215009
Pizza Hut,-33.876002,151.206449
Pizza Picasso,-33.902714,151.179245
Bondi Pizza,-33.891068,151.251576
Pizza E Birra,-33.887106,151.213784
Appetito,-33.860299,151.20848
Pizza Capanna,-33.796235,151.287586
Domino's Pizza Elizabeth Street,-33.880831,151.208906
Domino's Pizza Glebe,-33.881184,151.18849
Doughboy Pizza North Bondi,-33.889567,151.282968
Arthur's Pizza,-33.919899,151.242728
Doughboy Pizza,-33.892603,151.18674
Crust Gourmet Pizza Bar,-33.8131,151.1699
La Pizza,-33.829352,151.201776
Pizza Mario,-33.882273,151.216305
Crust Gourmet Pizza Bar,-33.890011,151.213209
Mario Brothers Pizza & Pasta,-33.827372,151.200236
Arthur's Pizza,-33.885024,151.227334
Mad Pizza e Bar,-33.876788,151.221867
Crust Gourmet Pizza Bar,-33.870931,151.194761
Mad Pizza e Bar,-33.879681,151.215009
Pizza Hut,-33.876002,151.206449
Pizza Picasso,-33.902714,151.179245
Bondi Pizza,-33.891068,151.251576
Pizza E Birra,-33.887106,151.213784
Appetito,-33.860299,151.20848
Pizza Capanna,-33.796235,151.287586
Domino's Pizza Elizabeth Street,-33.880831,151.208906
Domino's Pizza Glebe,-33.881184,151.18849
Doughboy Pizza North Bondi,-33.889567,151.282968
Arthur's Pizza,-33.919899,151.242728
Doughboy Pizza,-33.892603,151.18674
Crust Gourmet Pizza Bar,-33.8131,151.1699
La Pizza,-33.829352,151.201776
Pizza Mario,-33.882273,151.216305
Crust Gourmet Pizza Bar,-33.890011,151.213209
Mario Brothers Pizza & Pasta,-33.827372,151.200236
Arthur's Pizza,-33.885024,151.227334
Mad Pizza e Bar,-33.876788,151.221867
Crust Gourmet Pizza Bar,-33.870931,151.194761
Mad Pizza e Bar,-33.879681,151.215009
Pizza Hut,-33.876002,151.206449
Pizza Picasso,-33.902714,151.179245
Bondi Pizza,-33.891068,151.251576
Pizza E Birra,-33.887106,151.213784
Appetito,-33.860299,151.20848
Pizza Capanna,-33.796235,151.287586
Domino's Pizza Elizabeth Street,-33.880831,151.208906
Domino's Pizza Glebe,-33.881184,151.18849
Doughboy Pizza North Bondi,-33.889567,151.282968
Arthur's Pizza,-33.919899,151.242728
Doughboy Pizza,-33.892603,151.18674
Crust Gourmet Pizza Bar,-33.8131,151.1699
La Pizza,-33.829352,151.201776
Pizza Mario,-33.882273,151.216305
Crust Gourmet Pizza Bar,-33.890011,151.213209
Mario Brothers Pizza & Pasta,-33.827372,151.200236
Arthur's Pizza,-33.885024,151.227334
Mad Pizza e Bar,-33.876788,151.221867
Crust Gourmet Pizza Bar,-33.870931,151.194761
Mad Pizza e Bar,-33.879681,151.215009
Pizza Hut,-33.876002,151.206449
Pizza Picasso,-33.902714,151.179245
Bondi Pizza,-33.891068,151.251576
Pizza E Birra,-33.887106,151.213784
Appetito,-33.860299,151.20848
Pizza Capanna,-33.796235,151.287586
Domino's Pizza Elizabeth Street,-33.880831,151.208906
Domino's Pizza Glebe,-33.881184,151.18849
Doughboy Pizza North Bondi,-33.889567,151.282968
Arthur's Pizza,-33.919899,151.242728
Doughboy Pizza,-33.892603,151.18674
Crust Gourmet Pizza Bar,-33.8131,151.1699
La Pizza,-33.829352,151.201776
Pizza Mario,-33.882273,151.216305
Crust Gourmet Pizza Bar,-33.890011,151.213209
Mario Brothers Pizza & Pasta,-33.827372,151.200236
Arthur's Pizza,-33.885024,151.227334
Mad Pizza e Bar,-33.876788,151.221867
Crust Gourmet Pizza Bar,-33.870931,151.194761
Mad Pizza e Bar,-33.879681,151.215009
Pizza Hut,-33.876002,151.206449
Pizza Picasso,-33.902714,151.179245
Bondi Pizza,-33.891068,151.251576
Pizza E Birra,-33.887106,151.213784
Appetito,-33.860299,151.20848
Pizza Capanna,-33.796235,151.287586
Domino's Pizza Elizabeth Street,-33.880831,151.208906
Domino's Pizza Glebe,-33.881184,151.18849
Doughboy Pizza North Bondi,-33.889567,151.282968
Arthur's Pizza,-33.919899,151.242728
Doughboy Pizza,-33.892603,151.18674
Crust Gourmet Pizza Bar,-33.8131,151.1699
La Pizza,-33.829352,151.201776
Pizza Mario,-33.882273,151.216305
Crust Gourmet Pizza Bar,-33.890011,151.213209
Mario Brothers Pizza & Pasta,-33.827372,151.200236
Arthur's Pizza,-33.885024,151.227334
Mad Pizza e Bar,-33.876788,151.221867
Crust Gourmet Pizza Bar,-33.870931,151.194761
Mad Pizza e Bar,-33.879681,151.215009
Pizza Hut,-33.876002,151.206449
Pizza Picasso,-33.902714,151.179245
Bondi Pizza,-33.891068,151.251576
Pizza E Birra,-33.887106,151.213784
Appetito,-33.860299,151.20848
Pizza Capanna,-33.796235,151.287586
Domino's Pizza Elizabeth Street,-33.880831,151.208906
Domino's Pizza Glebe,-33.881184,151.18849
Doughboy Pizza North Bondi,-33.889567,151.282968
Arthur's Pizza,-33.919899,151.242728
Doughboy Pizza,-33.892603,151.18674
Crust Gourmet Pizza Bar,-33.8131,151.1699
La Pizza,-33.829352,151.201776
Pizza Mario,-33.882273,151.216305
Crust Gourmet Pizza Bar,-33.890011,151.213209
Mario Brothers Pizza & Pasta,-33.827372,151.200236
Arthur's Pizza,-33.885024,151.227334
Mad Pizza e Bar,-33.876788,151.221867
Crust Gourmet Pizza Bar,-33.870931,151.194761
Mad Pizza e Bar,-33.879681,151.215009
Pizza Hut,-33.876002,151.206449
Pizza Picasso,-33.902714,151.179245
Bondi Pizza,-33.891068,151.251576
Pizza E Birra,-33.887106,151.213784
Appetito,-33.860299,151.20848
Pizza Capanna,-33.796235,151.287586
Domino's Pizza Elizabeth Street,-33.880831,151.208906
Domino's Pizza Glebe,-33.881184,151.18849
Doughboy Pizza North Bondi,-33.889567,151.282968
Arthur's Pizza,-33.919899,151.242728
Doughboy Pizza,-33.892603,151.18674
Crust Gourmet Pizza Bar,-33.8131,151.1699
La Pizza,-33.829352,151.201776
Pizza Mario,-33.882273,151.216305
Crust Gourmet Pizza Bar,-33.890011,151.213209
Mario Brothers Pizza & Pasta,-33.827372,151.200236
Arthur's Pizza,-33.885024,151.227334
Mad Pizza e Bar,-33.876788,151.221867
Crust Gourmet Pizza Bar,-33.870931,151.194761
Mad Pizza e Bar,-33.879681,151.215009
Pizza Hut,-33.876002,151.206449
Pizza Picasso,-33.902714,151.179245
Bondi Pizza,-33.891068,151.251576
Pizza E Birra,-33.887106,151.213784
Appetito,-33.860299,151.20848
Pizza Capanna,-33.796235,151.287586
Domino's Pizza Elizabeth Street,-33.880831,151.208906
Domino's Pizza Glebe,-33.881184,151.18849
Doughboy Pizza North Bondi,-33.889567,151.282968
Arthur's Pizza,-33.919899,151.242728
Doughboy Pizza,-33.892603,151.18674
Crust Gourmet Pizza Bar,-33.8131,151.1699
La Pizza,-33.829352,151.201776
Pizza Mario,-33.882273,151.216305
Crust Gourmet Pizza Bar,-33.890011,151.213209
Mario Brothers Pizza & Pasta,-33.827372,151.200236
Arthur's Pizza,-33.885024,151.227334
Mad Pizza e Bar,-33.876788,151.221867
Crust Gourmet Pizza Bar,-33.870931,151.194761
Mad Pizza e Bar,-33.879681,151.215009
Pizza Hut,-33.876002,151.206449
Pizza Picasso,-33.902714,151.179245
Bondi Pizza,-33.891068,151.251576
Pizza E Birra,-33.887106,151.213784
Appetito,-33.860299,151.20848
Pizza Capanna,-33.796235,151.287586
Domino's Pizza Elizabeth Street,-33.880831,151.208906
Domino's Pizza Glebe,-33.881184,151.18849
Doughboy Pizza North Bondi,-33.889567,151.282968
Arthur's Pizza,-33.919899,151.242728
Doughboy Pizza,-33.892603,151.18674
Crust Gourmet Pizza Bar,-33.8131,151.1699
La Pizza,-33.829352,151.201776
Pizza Mario,-33.882273,151.216305
Crust Gourmet Pizza Bar,-33.890011,151.213209
Mario Brothers Pizza & Pasta,-33.827372,151.200236
Arthur's Pizza,-33.885024,151.227334
Mad Pizza e Bar,-33.876788,151.221867
Crust Gourmet Pizza Bar,-33.870931,151.194761
Mad Pizza e Bar,-33.879681,151.215009
Pizza Hut,-33.876002,151.206449
Pizza Picasso,-33.902714,151.179245
Bondi Pizza,-33.891068,151.251576
Pizza E Birra,-33.887106,151.213784
Appetito,-33.860299,151.20848
Pizza Capanna,-33.796235,151.287586
Domino's Pizza Elizabeth Street,-33.880831,151.208906
Domino's Pizza Glebe,-33.881184,151.18849
Doughboy Pizza North Bondi,-33.889567,151.282968
Arthur's Pizza,-33.919899,151.242728
Doughboy Pizza,-33.892603,151.18674
Crust Gourmet Pizza Bar,-33.8131,151.1699
La Pizza,-33.829352,151.201776
Pizza Mario,-33.882273,151.216305
Crust Gourmet Pizza Bar,-33.890011,151.213209
Mario Brothers Pizza & Pasta,-33.827372,151.200236
Arthur's Pizza,-33.885024,151.227334
Mad Pizza e Bar,-33.876788,151.221867
Crust Gourmet Pizza Bar,-33.870931,151.194761
Mad Pizza e Bar,-33.879681,151.215009
Pizza Hut,-33.876002,151.206449
Pizza Picasso,-33.902714,151.179245
Bondi Pizza,-33.891068,151.251576
Pizza E Birra,-33.887106,151.213784
Appetito,-33.860299,151.20848
Pizza Capanna,-33.796235,151.287586
Domino's Pizza Elizabeth Street,-33.880831,151.208906
Domino's Pizza Glebe,-33.881184,151.18849
Doughboy Pizza North Bondi,-33.889567,151.282968
Arthur's Pizza,-33.919899,151.242728
Doughboy Pizza,-33.892603,151.18674
Crust Gourmet Pizza Bar,-33.8131,151.1699
La Pizza,-33.829352,151.201776
Pizza Mario,-33.882273,151.216305
Crust Gourmet Pizza Bar,-33.890011,151.213209
Mario Brothers Pizza & Pasta,-33.827372,151.200236
Arthur's Pizza,-33.885024,151.227334
Mad Pizza e Bar,-33.876788,151.221867
Crust Gourmet Pizza Bar,-33.870931,151.194761
Mad Pizza e Bar,-33.879681,151.215009
Pizza Hut,-33.876002,151.206449
Pizza Picasso,-33.902714,151.179245
Bondi Pizza,-33.891068,151.251576
Pizza E Birra,-33.887106,151.213784
Appetito,-33.860299,151.20848
Pizza Capanna,-33.796235,151.287586
Domino's Pizza Elizabeth Street,-33.880831,151.208906
Domino's Pizza Glebe,-33.881184,151.18849
Doughboy Pizza North Bondi,-33.889567,151.282968
Arthur's Pizza,-33.919899,151.242728
Doughboy Pizza,-33.892603,151.18674
Crust Gourmet Pizza Bar,-33.8131,151.1699
La Pizza,-33.829352,151.201776
Pizza Mario,-33.882273,151.216305
Crust Gourmet Pizza Bar,-33.890011,151.213209
Mario Brothers Pizza & Pasta,-33.827372,151.200236
Arthur's Pizza,-33.885024,151.227334
Mad Pizza e Bar,-33.876788,151.221867
Crust Gourmet Pizza Bar,-33.870931,151.194761
Mad Pizza e Bar,-33.879681,151.215009
Pizza Hut,-33.876002,151.206449
Pizza Picasso,-33.902714,151.179245
Bondi Pizza,-33.891068,151.251576
Pizza E Birra,-33.887106,151.213784
Appetito,-33.860299,151.20848
Pizza Capanna,-33.796235,151.287586
Domino's Pizza Elizabeth Street,-33.880831,151.208906
Domino's Pizza Glebe,-33.881184,151.18849
Doughboy Pizza North Bondi,-33.889567,151.282968
Arthur's Pizza,-33.919899,151.242728
Doughboy Pizza,-33.892603,151.18674
Crust Gourmet Pizza Bar,-33.8131,151.1699
La Pizza,-33.829352,151.201776
Pizza Mario,-33.882273,151.216305
Crust Gourmet Pizza Bar,-33.890011,151.213209
Mario Brothers Pizza & Pasta,-33.827372,151.200236
Arthur's Pizza,-33.885024,151.227334
Mad Pizza e Bar,-33.876788,151.221867
Crust Gourmet Pizza Bar,-33.870931,151.194761
Mad Pizza e Bar,-33.879681,151.215009
Pizza Hut,-33.876002,151.206449
Pizza Picasso,-33.902714,151.179245
Bondi Pizza,-33.891068,151.251576
Pizza E Birra,-33.887106,151.213784
Appetito,-33.860299,151.20848
Pizza Capanna,-33.796235,151.287586
Domino's Pizza Elizabeth Street,-33.880831,151.208906
Domino's Pizza Glebe,-33.881184,151.18849
Doughboy Pizza North Bondi,-33.889567,151.282968
Arthur's Pizza,-33.919899,151.242728
Doughboy Pizza,-33.892603,151.18674
Crust Gourmet Pizza Bar,-33.8131,151.1699